Eng,Kor
,
Commander (Imperial),함장 (제국)
Admiral Konstantine (commander),/resources/업그레이드 카드/함장/함장 (제국)/콘스탄틴 제독.webp
Admiral Motti (commander),/resources/업그레이드 카드/함장/함장 (제국)/모티 제독.webp
Admiral Ozzel (commander),/resources/업그레이드 카드/함장/함장 (제국)/오젤 제독.webp
Admiral Piett (commander),/resources/업그레이드 카드/함장/함장 (제국)/피에트 제독.webp
Admiral Screed (commander),/resources/업그레이드 카드/함장/함장 (제국)/스크리드 제독.webp
Admiral Sloane (commander),/resources/업그레이드 카드/함장/함장 (제국)/슬론 제독.webp
Darth Vader (commander),/resources/업그레이드 카드/함장/함장 (제국)/다스 베이더.webp
Emperor Palpatine (commander),/resources/업그레이드 카드/함장/함장 (제국)/팰퍼틴 황제.webp
General Romodi (commander),/resources/업그레이드 카드/함장/함장 (제국)/로모디 장군.webp
General Tagge (commander),/resources/업그레이드 카드/함장/함장 (제국)/타게 장군.webp
Grand Admiral Thrawn (commander),/resources/업그레이드 카드/함장/함장 (제국)/쓰론 대 제독.webp
Grand Moff Tarkin (commander),/resources/업그레이드 카드/함장/함장 (제국)/대 모프 타킨.webp
Moff Jerjerrod (commander),/resources/업그레이드 카드/함장/함장 (제국)/모프 제제로드.webp
콘스탄틴 제독 (commander),/resources/업그레이드 카드/함장/함장 (제국)/콘스탄틴 제독.webp
모티 제독 (commander),/resources/업그레이드 카드/함장/함장 (제국)/모티 제독.webp
오젤 제독 (commander),/resources/업그레이드 카드/함장/함장 (제국)/오젤 제독.webp
피에트 제독 (commander),/resources/업그레이드 카드/함장/함장 (제국)/피에트 제독.webp
스크리드 제독 (commander),/resources/업그레이드 카드/함장/함장 (제국)/스크리드 제독.webp
슬론 제독 (commander),/resources/업그레이드 카드/함장/함장 (제국)/슬론 제독.webp
다스 베이더 (commander),/resources/업그레이드 카드/함장/함장 (제국)/다스 베이더.webp
팰퍼틴 황제 (commander),/resources/업그레이드 카드/함장/함장 (제국)/팰퍼틴 황제.webp
로모디 장군 (commander),/resources/업그레이드 카드/함장/함장 (제국)/로모디 장군.webp
타게 장군 (commander),/resources/업그레이드 카드/함장/함장 (제국)/타게 장군.webp
쓰론 대 제독 (commander),/resources/업그레이드 카드/함장/함장 (제국)/쓰론 대 제독.webp
대 모프 타킨 (commander),/resources/업그레이드 카드/함장/함장 (제국)/대 모프 타킨.webp
모프 제제로드 (commander),/resources/업그레이드 카드/함장/함장 (제국)/모프 제제로드.webp
,
Commander (Rebel),함장 (반군)
Admiral Ackbar (commander),/resources/업그레이드 카드/함장/함장 (반군)/아크바 제독.webp
Admiral Raddus (commander),/resources/업그레이드 카드/함장/함장 (반군)/라더스 제독.webp
Commander Sato (commander),/resources/업그레이드 카드/함장/함장 (반군)/사토 사령관.webp
Garm Bel Iblis (commander),/resources/업그레이드 카드/함장/함장 (반군)/감 벨 이블리스.webp
General Cracken (commander),/resources/업그레이드 카드/함장/함장 (반군)/크라켄 장군.webp
General Dodonna (commander),/resources/업그레이드 카드/함장/함장 (반군)/도돈나 장군.webp
General Draven (commander),/resources/업그레이드 카드/함장/함장 (반군)/드레이븐 장군.webp
General Madine (commander),/resources/업그레이드 카드/함장/함장 (반군)/마딘 장군.webp
General Rieekan (commander),/resources/업그레이드 카드/함장/함장 (반군)/라이칸 장군.webp
Kyrsta Agate (commander),/resources/업그레이드 카드/함장/함장 (반군)/크리스타 아가테.webp
Leia Organa (commander),/resources/업그레이드 카드/함장/함장 (반군)/레아 오르가나.webp
Mon Mothma (commander),/resources/업그레이드 카드/함장/함장 (반군)/몬 모스마.webp
아크바 제독 (commander),/resources/업그레이드 카드/함장/함장 (반군)/아크바 제독.webp
라더스 제독 (commander),/resources/업그레이드 카드/함장/함장 (반군)/라더스 제독.webp
사토 사령관 (commander),/resources/업그레이드 카드/함장/함장 (반군)/사토 사령관.webp
감 벨 이블리스 (commander),/resources/업그레이드 카드/함장/함장 (반군)/감 벨 이블리스.webp
크라켄 장군 (commander),/resources/업그레이드 카드/함장/함장 (반군)/크라켄 장군.webp
도돈나 장군 (commander),/resources/업그레이드 카드/함장/함장 (반군)/도돈나 장군.webp
드레이븐 장군 (commander),/resources/업그레이드 카드/함장/함장 (반군)/드레이븐 장군.webp
마딘 장군 (commander),/resources/업그레이드 카드/함장/함장 (반군)/마딘 장군.webp
라이칸 장군 (commander),/resources/업그레이드 카드/함장/함장 (반군)/라이칸 장군.webp
크리스타 아가테 (commander),/resources/업그레이드 카드/함장/함장 (반군)/크리스타 아가테.webp
레아 오르가나 (commander),/resources/업그레이드 카드/함장/함장 (반군)/레아 오르가나.webp
몬 모스마 (commander),/resources/업그레이드 카드/함장/함장 (반군)/몬 모스마.webp
,
Commander (Republic),함장 (공화국)
Admiral Tarkin (commander),/resources/업그레이드 카드/함장/함장 (공화국)/타킨 제독.webp
Admiral Yularen (commander),/resources/업그레이드 카드/함장/함장 (공화국)/율라렌 제독.webp
Anakin Skywalker (commander),/resources/업그레이드 카드/함장/함장 (공화국)/아나킨 스카이워커.webp
Bail Organa (commander),/resources/업그레이드 카드/함장/함장 (공화국)/베일 오르가나.webp
Obi Wan Kenobi (commander),/resources/업그레이드 카드/함장/함장 (공화국)/오비완 케노비.webp
Luminara Unduli (commander),/resources/업그레이드 카드/함장/함장 (공화국)/루미나라 언둘리.webp
Plo Koon (commander),/resources/업그레이드 카드/함장/함장 (공화국)/플로 쿤.webp
타킨 제독 (commander),/resources/업그레이드 카드/함장/함장 (공화국)/타킨 제독.webp
율라렌 제독 (commander),/resources/업그레이드 카드/함장/함장 (공화국)/율라렌 제독.webp
아나킨 스카이워커 (commander),/resources/업그레이드 카드/함장/함장 (공화국)/아나킨 스카이워커.webp
베일 오르가나 (commander),/resources/업그레이드 카드/함장/함장 (공화국)/베일 오르가나.webp
오비완 케노비 (commander),/resources/업그레이드 카드/함장/함장 (공화국)/오비완 케노비.webp
루미나라 언둘리 (commander),/resources/업그레이드 카드/함장/함장 (공화국)/루미나라 언둘리.webp
플로 쿤 (commander),/resources/업그레이드 카드/함장/함장 (공화국)/플로 쿤.webp
,
Commander (Separatist),함장 (분리주의)
Admiral Trench (commander),/resources/업그레이드 카드/함장/함장 (분리주의)/트렌치 제독.webp
Count Dooku (commander),/resources/업그레이드 카드/함장/함장 (분리주의)/두쿠 백작.webp
General Grievous (commander),/resources/업그레이드 카드/함장/함장 (분리주의)/그리버스 장군.webp
Kraken (commander),/resources/업그레이드 카드/함장/함장 (분리주의)/크라켄.webp
Mar Tuuk (commander),/resources/업그레이드 카드/함장/함장 (분리주의)/마 툭.webp
TF-1726 (commander),/resources/업그레이드 카드/함장/함장 (분리주의)/TF-1726.webp
트렌치 제독 (commander),/resources/업그레이드 카드/함장/함장 (분리주의)/트렌치 제독.webp
두쿠 백작 (commander),/resources/업그레이드 카드/함장/함장 (분리주의)/두쿠 백작.webp
그리버스 장군 (commander),/resources/업그레이드 카드/함장/함장 (분리주의)/그리버스 장군.webp
크라켄 (commander),/resources/업그레이드 카드/함장/함장 (분리주의)/크라켄.webp
마 툭 (commander),/resources/업그레이드 카드/함장/함장 (분리주의)/마 툭.webp
TF-1726,/resources/업그레이드 카드/함장/함장 (분리주의)/TF-1726.webp
,
,
,
Officer,장교
Chart Officer,/resources/업그레이드 카드/장교/항로 해석 장교.webp
Damage Control Officer,/resources/업그레이드 카드/장교/피해 대책 장교.webp
Defense Liaison,/resources/업그레이드 카드/장교/방어 연락 담당자.webp
Engineering Captain,/resources/업그레이드 카드/장교/책임 기술자.webp
Expert Shield Tech,/resources/업그레이드 카드/장교/방어막 전문 기술자.webp
Flight Commander,/resources/업그레이드 카드/장교/비행대 사령관.webp
Intel Officer,/resources/업그레이드 카드/장교/첩보 장교.webp
Navigation Officer,/resources/업그레이드 카드/장교/항해 장교.webp
Skilled First Officer,/resources/업그레이드 카드/장교/숙련된 일등 장교.webp
Support Officer,/resources/업그레이드 카드/장교/지원 장교.webp
Tactical Expert,/resources/업그레이드 카드/장교/전술 전문가.webp
Veteran Captain,/resources/업그레이드 카드/장교/베테랑 대위.webp
Weapons Liaison,/resources/업그레이드 카드/장교/무기 연락 담당자.webp
Wing Commander,/resources/업그레이드 카드/장교/비행 지휘관.webp
Hondo Ohnaka,/resources/업그레이드 카드/장교/혼도 오나카.webp
항로 해석 장교,/resources/업그레이드 카드/장교/항로 해석 장교.webp
피해 대책 장교,/resources/업그레이드 카드/장교/피해 대책 장교.webp
방어 연락 담당자,/resources/업그레이드 카드/장교/방어 연락 담당자.webp
책임 기술자,/resources/업그레이드 카드/장교/책임 기술자.webp
방어막 전문 기술자,/resources/업그레이드 카드/장교/방어막 전문 기술자.webp
비행대 사령관,/resources/업그레이드 카드/장교/비행대 사령관.webp
첩보 장교,/resources/업그레이드 카드/장교/첩보 장교.webp
항해 장교,/resources/업그레이드 카드/장교/항해 장교.webp
숙련된 일등 장교,/resources/업그레이드 카드/장교/숙련된 일등 장교.webp
지원 장교,/resources/업그레이드 카드/장교/지원 장교.webp
전술 전문가,/resources/업그레이드 카드/장교/전술 전문가.webp
베테랑 대위,/resources/업그레이드 카드/장교/베테랑 대위.webp
무기 연락 담당자,/resources/업그레이드 카드/장교/무기 연락 담당자.webp
비행 지휘관,/resources/업그레이드 카드/장교/비행 지휘관.webp
혼도 오나카,/resources/업그레이드 카드/장교/혼도 오나카.webp
,
Admiral Chiraneau,/resources/업그레이드 카드/장교/장교 (제국)/키라노 제독.webp
Admiral Montferrat,/resources/업그레이드 카드/장교/장교 (제국)/몬테페라트 제독.webp
Admiral Ozzel,/resources/업그레이드 카드/장교/장교 (제국)/오젤 제독.webp
Admiral Titus,/resources/업그레이드 카드/장교/장교 (제국)/타이터스 제독.webp
Agent Kallus,/resources/업그레이드 카드/장교/장교 (제국)/칼러스 요원.webp
Captain Brunson,/resources/업그레이드 카드/장교/장교 (제국)/브룬손 대위.webp
Captain Needa,/resources/업그레이드 카드/장교/장교 (제국)/니다 대령.webp
Commandant Aresko,/resources/업그레이드 카드/장교/장교 (제국)/아레스코 교장.webp
Commander Beck,/resources/업그레이드 카드/장교/장교 (제국)/벡 중령.webp
Commander Gherant,/resources/업그레이드 카드/장교/장교 (제국)/게런트 중령.webp
Commander Vanto,/resources/업그레이드 카드/장교/장교 (제국)/반토 중령.webp
Commander Woldar,/resources/업그레이드 카드/장교/장교 (제국)/월다 중령.webp
Darth Vader (officer),/resources/업그레이드 카드/장교/장교 (제국)/다스 베이더.webp
Director Isard,/resources/업그레이드 카드/장교/장교 (제국)/이사드 국장.webp
Director Krennic,/resources/업그레이드 카드/장교/장교 (제국)/크레닉 국장.webp
Emperor Palpatine,/resources/업그레이드 카드/장교/장교 (제국)/팰퍼틴 황제.webp
Governor Pryce,/resources/업그레이드 카드/장교/장교 (제국)/프라이스 총독.webp
Iden Versio,/resources/업그레이드 카드/장교/장교 (제국)/아이덴 버시오.webp
Instructor Goran,/resources/업그레이드 카드/장교/장교 (제국)/고란 교관.webp
Lira Wessex,/resources/업그레이드 카드/장교/장교 (제국)/리라 웨섹스.webp
Minister Tua,/resources/업그레이드 카드/장교/장교 (제국)/투아 장관.webp
Reeva Demesne,/resources/업그레이드 카드/장교/장교 (제국)/리바 디메슨.webp
Taskmaster Grint,/resources/업그레이드 카드/장교/장교 (제국)/그린트 감독관.webp
The Grand Inquisitor,/resources/업그레이드 카드/장교/장교 (제국)/대 심문관.webp
Wulff Yularen,/resources/업그레이드 카드/장교/장교 (제국)/월프 율라렌.webp
키라노 제독,/resources/업그레이드 카드/장교/장교 (제국)/키라노 제독.webp
몬테페라트 제독,/resources/업그레이드 카드/장교/장교 (제국)/몬테페라트 제독.webp
오젤 제독,/resources/업그레이드 카드/장교/장교 (제국)/오젤 제독.webp
타이터스 제독,/resources/업그레이드 카드/장교/장교 (제국)/타이터스 제독.webp
칼러스 요원,/resources/업그레이드 카드/장교/장교 (제국)/칼러스 요원.webp
브룬손 대위,/resources/업그레이드 카드/장교/장교 (제국)/브룬손 대위.webp
니다 대령,/resources/업그레이드 카드/장교/장교 (제국)/니다 대령.webp
아레스코 교장,/resources/업그레이드 카드/장교/장교 (제국)/아레스코 교장.webp
벡 중령,/resources/업그레이드 카드/장교/장교 (제국)/벡 중령.webp
게런트 중령,/resources/업그레이드 카드/장교/장교 (제국)/게런트 중령.webp
반토 중령,/resources/업그레이드 카드/장교/장교 (제국)/반토 중령.webp
월다 중령,/resources/업그레이드 카드/장교/장교 (제국)/월다 중령.webp
다스 베이더 (officer),/resources/업그레이드 카드/장교/장교 (제국)/다스 베이더.webp
이사드 국장,/resources/업그레이드 카드/장교/장교 (제국)/이사드 국장.webp
크레닉 국장,/resources/업그레이드 카드/장교/장교 (제국)/크레닉 국장.webp
팰퍼틴 황제,/resources/업그레이드 카드/장교/장교 (제국)/팰퍼틴 황제.webp
프라이스 총독,/resources/업그레이드 카드/장교/장교 (제국)/프라이스 총독.webp
아이덴 버시오,/resources/업그레이드 카드/장교/장교 (제국)/아이덴 버시오.webp
고란 교관,/resources/업그레이드 카드/장교/장교 (제국)/고란 교관.webp
리라 웨섹스,/resources/업그레이드 카드/장교/장교 (제국)/리라 웨섹스.webp
투아 장관,/resources/업그레이드 카드/장교/장교 (제국)/투아 장관.webp
리바 디메슨,/resources/업그레이드 카드/장교/장교 (제국)/리바 디메슨.webp
그린트 감독관,/resources/업그레이드 카드/장교/장교 (제국)/그린트 감독관.webp
대 심문관,/resources/업그레이드 카드/장교/장교 (제국)/대 심문관.webp
월프 율라렌,/resources/업그레이드 카드/장교/장교 (제국)/월프 율라렌.webp
,
Adar Tallon,/resources/업그레이드 카드/장교/장교 (반군)/아다르 탈론.webp
Ahsoka Tano (Rebel),/resources/업그레이드 카드/장교/장교 (반군)/아소카 타노.webp
Captain Rex,/resources/업그레이드 카드/장교/장교 (반군)/렉스 대위.webp
Ezra Bridger,/resources/업그레이드 카드/장교/장교 (반군)/에즈라 브리저.webp
General Draven,/resources/업그레이드 카드/장교/장교 (반군)/드레이븐 장군.webp
Kyrsta Agate,/resources/업그레이드 카드/장교/장교 (반군)/크리스타 아가테.webp
Lando Calrissian,/resources/업그레이드 카드/장교/장교 (반군)/란도 칼리시안.webp
Leia Organa,/resources/업그레이드 카드/장교/장교 (반군)/레아 오르가나.webp
Major Derlin,/resources/업그레이드 카드/장교/장교 (반군)/달린 소령.webp
Ray Antilles,/resources/업그레이드 카드/장교/장교 (반군)/레이무스 안틸레스.webp
Sabine Wren,/resources/업그레이드 카드/장교/장교 (반군)/사빈 렌.webp
Toryn Farr,/resources/업그레이드 카드/장교/장교 (반군)/토린 파.webp
Walex Blissex,/resources/업그레이드 카드/장교/장교 (반군)/왈렉스 블리섹스.webp
Wedge Antilles,/resources/업그레이드 카드/장교/장교 (반군)/웨지 안틸레스.webp
아다르 탈론,/resources/업그레이드 카드/장교/장교 (반군)/아다르 탈론.webp
아소카 타노 (Rebel),/resources/업그레이드 카드/장교/장교 (반군)/아소카 타노.webp
렉스 대위,/resources/업그레이드 카드/장교/장교 (반군)/렉스 대위.webp
에즈라 브리저,/resources/업그레이드 카드/장교/장교 (반군)/에즈라 브리저.webp
드레이븐 장군,/resources/업그레이드 카드/장교/장교 (반군)/드레이븐 장군.webp
크리스타 아가테,/resources/업그레이드 카드/장교/장교 (반군)/크리스타 아가테.webp
란도 칼리시안,/resources/업그레이드 카드/장교/장교 (반군)/란도 칼리시안.webp
레아 오르가나,/resources/업그레이드 카드/장교/장교 (반군)/레아 오르가나.webp
달린 소령,/resources/업그레이드 카드/장교/장교 (반군)/달린 소령.webp
레이무스 안틸레스,/resources/업그레이드 카드/장교/장교 (반군)/레이무스 안틸레스.webp
사빈 렌,/resources/업그레이드 카드/장교/장교 (반군)/사빈 렌.webp
토린 파,/resources/업그레이드 카드/장교/장교 (반군)/토린 파.webp
왈렉스 블리섹스,/resources/업그레이드 카드/장교/장교 (반군)/왈렉스 블리섹스.webp
웨지 안틸레스,/resources/업그레이드 카드/장교/장교 (반군)/웨지 안틸레스.webp
,
Clone Navigation Officer,/resources/업그레이드 카드/장교/장교 (공화국)/클론 항해 장교.webp
Adi Gallia,/resources/업그레이드 카드/장교/장교 (공화국)/아디 갈리아.webp
Ahsoka Tano (Republic),/resources/업그레이드 카드/장교/장교 (공화국)/아소카 타노.webp
Barriss Offee,/resources/업그레이드 카드/장교/장교 (공화국)/베리스 오피.webp
Clone Captain Silver,/resources/업그레이드 카드/장교/장교 (공화국)/실버 클론 대위.webp
Clone Captain Zak,/resources/업그레이드 카드/장교/장교 (공화국)/잭 클론 대위.webp
Clone Commander Wolffe,/resources/업그레이드 카드/장교/장교 (공화국)/울프 클론 사령관.webp
클론 항해 장교,/resources/업그레이드 카드/장교/장교 (공화국)/클론 항해 장교.webp
아디 갈리아,/resources/업그레이드 카드/장교/장교 (공화국)/아디 갈리아.webp
아소카 타노 (Republic),/resources/업그레이드 카드/장교/장교 (공화국)/아소카 타노.webp
베리스 오피,/resources/업그레이드 카드/장교/장교 (공화국)/베리스 오피.webp
실버 클론 대위,/resources/업그레이드 카드/장교/장교 (공화국)/실버 클론 대위.webp
잭 클론 대위,/resources/업그레이드 카드/장교/장교 (공화국)/잭 클론 대위.webp
울프 클론 사령관,/resources/업그레이드 카드/장교/장교 (공화국)/울프 클론 사령관.webp
,
T-Series Tactical Droid,/resources/업그레이드 카드/장교/장교 (분리주의)/T-시리즈 전술 드로이드.webp
Asajj Ventress,/resources/업그레이드 카드/장교/장교 (분리주의)/아사즈 벤트리스.webp
Passel Argente,/resources/업그레이드 카드/장교/장교 (분리주의)/파셀 아르젠테.webp
Rune Haako,/resources/업그레이드 카드/장교/장교 (분리주의)/룬 하코.webp
San Hill,/resources/업그레이드 카드/장교/장교 (분리주의)/산 힐.webp
Shu Mai,/resources/업그레이드 카드/장교/장교 (분리주의)/슈 마이.webp
TI-99,/resources/업그레이드 카드/장교/장교 (분리주의)/TI-99.webp
Tikkes,/resources/업그레이드 카드/장교/장교 (분리주의)/틱케스.webp
Wat Tambor,/resources/업그레이드 카드/장교/장교 (분리주의)/왓 탐보.webp
T-시리즈 전술 드로이드,/resources/업그레이드 카드/장교/장교 (분리주의)/T-시리즈 전술 드로이드.webp
아사즈 벤트리스,/resources/업그레이드 카드/장교/장교 (분리주의)/아사즈 벤트리스.webp
파셀 아르젠테,/resources/업그레이드 카드/장교/장교 (분리주의)/파셀 아르젠테.webp
룬 하코,/resources/업그레이드 카드/장교/장교 (분리주의)/룬 하코.webp
산 힐,/resources/업그레이드 카드/장교/장교 (분리주의)/산 힐.webp
슈 마이,/resources/업그레이드 카드/장교/장교 (분리주의)/슈 마이.webp
TI-99,/resources/업그레이드 카드/장교/장교 (분리주의)/TI-99.webp
틱케스,/resources/업그레이드 카드/장교/장교 (분리주의)/틱케스.webp
왓 탐보,/resources/업그레이드 카드/장교/장교 (분리주의)/왓 탐보.webp
,
Weapons Team,무기 담당
Fire-Control Team,/resources/업그레이드 카드/무기 담당/화력 제어 담당.webp
Flight Controllers,/resources/업그레이드 카드/무기 담당/비행대 관제관.webp
Gunnery Team,/resources/업그레이드 카드/무기 담당/포격 담당.webp
Local Fire Control,/resources/업그레이드 카드/무기 담당/국지 사격 제어.webp
Ordnance Experts,/resources/업그레이드 카드/무기 담당/어뢰 전문가.webp
Ruthless Strategists,/resources/업그레이드 카드/무기 담당/냉혹한 전략가.webp
Sensor Team,/resources/업그레이드 카드/무기 담당/센서 담당.webp
Veteran Gunners,/resources/업그레이드 카드/무기 담당/베테랑 포수.webp
Weapons Battery Techs,/resources/업그레이드 카드/무기 담당/무기 배열 기술자.webp
화력 제어 담당,/resources/업그레이드 카드/무기 담당/화력 제어 담당.webp
비행대 관제관,/resources/업그레이드 카드/무기 담당/비행대 관제관.webp
포격 담당,/resources/업그레이드 카드/무기 담당/포격 담당.webp
국지 사격 제어,/resources/업그레이드 카드/무기 담당/국지 사격 제어.webp
어뢰 전문가,/resources/업그레이드 카드/무기 담당/어뢰 전문가.webp
냉혹한 전략가,/resources/업그레이드 카드/무기 담당/냉혹한 전략가.webp
센서 담당,/resources/업그레이드 카드/무기 담당/센서 담당.webp
베테랑 포수,/resources/업그레이드 카드/무기 담당/베테랑 포수.webp
무기 배열 기술자,/resources/업그레이드 카드/무기 담당/무기 배열 기술자.webp
,
Gunnery Chief Varnillian,/resources/업그레이드 카드/무기 담당/바닐리안 포병 대장.webp
Caitken and Shollan,/resources/업그레이드 카드/무기 담당/케이트켄과 숄란.webp
Clone Gunners,/resources/업그레이드 카드/무기 담당/클론 포수.webp
바닐리안 포병 대장,/resources/업그레이드 카드/무기 담당/바닐리안 포병 대장.webp
케이트켄과 숄란,/resources/업그레이드 카드/무기 담당/케이트켄과 숄란.webp
클론 포수,/resources/업그레이드 카드/무기 담당/클론 포수.webp
,
Offensive-Retrofit,공격 장비
Advanced Transponder Net,/resources/업그레이드 카드/공격 장비/고성능 전파망.webp
Boosted Comms,/resources/업그레이드 카드/공격 장비/통신기 증폭.webp
Disposable Capacitors,/resources/업그레이드 카드/공격 장비/일회용 축전지.webp
Expanded Hangar Bay,/resources/업그레이드 카드/공격 장비/확장 격납 구간.webp
Flag Bridge,/resources/업그레이드 카드/공격 장비/기함 함교.webp
Flak Guns,/resources/업그레이드 카드/공격 장비/대공포.webp
Hardened Bulkheads,/resources/업그레이드 카드/공격 장비/경화 격벽.webp
Phylon Q7 Tractor Beams,/resources/업그레이드 카드/공격 장비/파일론 Q7 견인 광선.webp
Point-Defense Reroute,/resources/업그레이드 카드/공격 장비/국지 방어 재편성.webp
Proximity Mines,/resources/업그레이드 카드/공격 장비/근접 기뢰.webp
Quad Laser Turrets,/resources/업그레이드 카드/공격 장비/4단 터보레이저 포탑.webp
Rapid Launch Bays,/resources/업그레이드 카드/공격 장비/고속 발진 구역.webp
Reserve Hangar Deck,/resources/업그레이드 카드/공격 장비/예비 격납 갑판.webp
고성능 전파망,/resources/업그레이드 카드/공격 장비/고성능 전파망.webp
통신기 증폭,/resources/업그레이드 카드/공격 장비/통신기 증폭.webp
일회용 축전지,/resources/업그레이드 카드/공격 장비/일회용 축전지.webp
확장 격납 구간,/resources/업그레이드 카드/공격 장비/확장 격납 구간.webp
기함 함교,/resources/업그레이드 카드/공격 장비/기함 함교.webp
대공포,/resources/업그레이드 카드/공격 장비/대공포.webp
경화 격벽,/resources/업그레이드 카드/공격 장비/경화 격벽.webp
파일론 Q7 견인 광선,/resources/업그레이드 카드/공격 장비/파일론 Q7 견인 광선.webp
국지 방어 재편성,/resources/업그레이드 카드/공격 장비/국지 방어 재편성.webp
근접 기뢰,/resources/업그레이드 카드/공격 장비/근접 기뢰.webp
4단 터보레이저 포탑,/resources/업그레이드 카드/공격 장비/4단 터보레이저 포탑.webp
고속 발진 구역,/resources/업그레이드 카드/공격 장비/고속 발진 구역.webp
예비 격납 갑판,/resources/업그레이드 카드/공격 장비/예비 격납 갑판.webp
,
Hyperspace Rings,/resources/업그레이드 카드/공격 장비/하이퍼스페이스 링.webp
SPHA-T,/resources/업그레이드 카드/공격 장비/SPHA-T.webp
B2 Rocket Troopers,/resources/업그레이드 카드/공격 장비/B2 로켓 트루퍼.webp
Hyperwave Signal Boost,/resources/업그레이드 카드/공격 장비/초파장 신호 증폭기.webp
하이퍼스페이스 링,/resources/업그레이드 카드/공격 장비/하이퍼스페이스 링.webp
SPHA-T,/resources/업그레이드 카드/공격 장비/SPHA-T.webp
B2 로켓 트루퍼,/resources/업그레이드 카드/공격 장비/B2 로켓 트루퍼.webp
초파장 신호 증폭기,/resources/업그레이드 카드/공격 장비/초파장 신호 증폭기.webp
,
Boarding Team,승선조
Boarding Engineers,/resources/업그레이드 카드/승선조/승선 기술자.webp
Boarding Troopers,/resources/업그레이드 카드/승선조/승선 트루퍼.webp
승선 기술자,/resources/업그레이드 카드/승선조/승선 기술자.webp
승선 트루퍼,/resources/업그레이드 카드/승선조/승선 트루퍼.webp
,
Darth Vader (boarding),/resources/업그레이드 카드/승선조/다스 베이더.webp
Cham Syndulla,/resources/업그레이드 카드/승선조/참 신둘라.webp
Jyn Erso,/resources/업그레이드 카드/승선조/진 어소.webp
Shriv Suurgav,/resources/업그레이드 카드/승선조/쉬리브 슈가브.webp
다스 베이더 (boarding),/resources/업그레이드 카드/승선조/다스 베이더.webp
참 신둘라,/resources/업그레이드 카드/승선조/참 신둘라.webp
진 어소,/resources/업그레이드 카드/승선조/진 어소.webp
쉬리브 슈가브,/resources/업그레이드 카드/승선조/쉬리브 슈가브.webp
,
Fleet Command,함대 명령
"All fighters, Follow Me!",/resources/업그레이드 카드/함대 명령/전투기는 나를 따르라!.webp
Entrapment Formation!,/resources/업그레이드 카드/함대 명령/포위 대형으로!.webp
Intensify Firepower!,/resources/업그레이드 카드/함대 명령/화력을 강화하라!.webp
Shields to Maximum!,/resources/업그레이드 카드/함대 명령/방어막을 최대로!.webp
Take Evasive Action!,/resources/업그레이드 카드/함대 명령/회피 기동하라!.webp
전투기는 나를 따르라!,/resources/업그레이드 카드/함대 명령/전투기는 나를 따르라!.webp
포위 대형으로!,/resources/업그레이드 카드/함대 명령/포위 대형으로!.webp
화력을 강화하라!,/resources/업그레이드 카드/함대 명령/화력을 강화하라!.webp
방어막을 최대로!,/resources/업그레이드 카드/함대 명령/방어막을 최대로!.webp
회피 기동하라!,/resources/업그레이드 카드/함대 명령/회피 기동하라!.webp
,
Hot Landing,/resources/업그레이드 카드/함대 명령/불시착.webp
Mercy Mission,/resources/업그레이드 카드/함대 명령/보급 임무.webp
Jedi Hostage,/resources/업그레이드 카드/함대 명령/제다이 인질.webp
불시착,/resources/업그레이드 카드/함대 명령/불시착.webp
보급 임무,/resources/업그레이드 카드/함대 명령/보급 임무.webp
제다이 인질,/resources/업그레이드 카드/함대 명령/제다이 인질.webp
,
Defensive-Retrofit,방어 장비
Advanced Projectors,/resources/업그레이드 카드/방어 장비/고성능 방어막 발생기.webp
Cluster Bombs,/resources/업그레이드 카드/방어 장비/클러스터 폭탄.webp
Early Warning System,/resources/업그레이드 카드/방어 장비/조기 경보 체제.webp
Electronic Countermeasures,/resources/업그레이드 카드/방어 장비/전파 방해 공격.webp
Reactive Gunnery,/resources/업그레이드 카드/방어 장비/대응 포격.webp
Redundant Shields,/resources/업그레이드 카드/방어 장비/잉여 방어막.webp
Reinforced Blast Doors,/resources/업그레이드 카드/방어 장비/강화 방폭문.webp
고성능 방어막 발생기,/resources/업그레이드 카드/방어 장비/고성능 방어막 발생기.webp
클러스터 폭탄,/resources/업그레이드 카드/방어 장비/클러스터 폭탄.webp
조기 경보 체제,/resources/업그레이드 카드/방어 장비/조기 경보 체제.webp
전파 방해 공격,/resources/업그레이드 카드/방어 장비/전파 방해 공격.webp
대응 포격,/resources/업그레이드 카드/방어 장비/대응 포격.webp
잉여 방어막,/resources/업그레이드 카드/방어 장비/잉여 방어막.webp
강화 방폭문,/resources/업그레이드 카드/방어 장비/강화 방폭문.webp
,
Thermal Shields,/resources/업그레이드 카드/방어 장비/열 방어막.webp
열 방어막,/resources/업그레이드 카드/방어 장비/열 방어막.webp
,
Support Team,지원 담당
Auxiliary Shields Team,/resources/업그레이드 카드/지원 담당/보조 방어막 담당.webp
Engine Techs,/resources/업그레이드 카드/지원 담당/엔진 기술자.webp
Engineering Team,/resources/업그레이드 카드/지원 담당/수리 담당.webp
Fighter Coordination Team,/resources/업그레이드 카드/지원 담당/전투기 합동 담당.webp
Medical Team,/resources/업그레이드 카드/지원 담당/의료 담당.webp
Nav Team,/resources/업그레이드 카드/지원 담당/항해 담당.webp
Projection Experts,/resources/업그레이드 카드/지원 담당/방어막 투사 전문가.webp
보조 방어막 담당,/resources/업그레이드 카드/지원 담당/보조 방어막 담당.webp
엔진 기술자,/resources/업그레이드 카드/지원 담당/엔진 기술자.webp
수리 담당,/resources/업그레이드 카드/지원 담당/수리 담당.webp
전투기 합동 담당,/resources/업그레이드 카드/지원 담당/전투기 합동 담당.webp
의료 담당,/resources/업그레이드 카드/지원 담당/의료 담당.webp
항해 담당,/resources/업그레이드 카드/지원 담당/항해 담당.webp
방어막 투사 전문가,/resources/업그레이드 카드/지원 담당/방어막 투사 전문가.webp
,
Battle Droid Reserves,/resources/업그레이드 카드/지원 담당/예비 전투 드로이드.webp
예비 전투 드로이드,/resources/업그레이드 카드/지원 담당/예비 전투 드로이드.webp
,
Fleet Support,함대 지원
Bomber Command Center,/resources/업그레이드 카드/함대 지원/폭격기 사령 본부.webp
Comms Net,/resources/업그레이드 카드/함대 지원/통신망.webp
Jamming Field,/resources/업그레이드 카드/함대 지원/전파방해장.webp
Munitions Resupply,/resources/업그레이드 카드/함대 지원/탄약 재보급.webp
Parts Resupply,/resources/업그레이드 카드/함대 지원/부품 재보급.webp
Repair Crews,/resources/업그레이드 카드/함대 지원/수리팀.webp
Slicer Tools,/resources/업그레이드 카드/함대 지원/슬라이서 도구.webp
폭격기 사령 본부,/resources/업그레이드 카드/함대 지원/폭격기 사령 본부.webp
통신망,/resources/업그레이드 카드/함대 지원/통신망.webp
전파방해장,/resources/업그레이드 카드/함대 지원/전파방해장.webp
탄약 재보급,/resources/업그레이드 카드/함대 지원/탄약 재보급.webp
부품 재보급,/resources/업그레이드 카드/함대 지원/부품 재보급.webp
수리팀,/resources/업그레이드 카드/함대 지원/수리팀.webp
슬라이서 도구,/resources/업그레이드 카드/함대 지원/슬라이서 도구.webp
,
Experimental-Retrofit,실험기 장비
G-8 Experimental Projector,/resources/업그레이드 카드/실험기 장비/G-8 투사 실험체.webp
G7-X Grav Well Projector,/resources/업그레이드 카드/실험기 장비/G7-X 중력 우물 발생기.webp
Grav Shift Reroute,/resources/업그레이드 카드/실험기 장비/중력 이동 궤도 조정.webp
Targeting Scrambler,/resources/업그레이드 카드/실험기 장비/표적 혼선 장치.webp
G-8 투사 실험체,/resources/업그레이드 카드/실험기 장비/G-8 투사 실험체.webp
G7-X 중력 우물 발생기,/resources/업그레이드 카드/실험기 장비/G7-X 중력 우물 발생기.webp
중력 이동 궤도 조정,/resources/업그레이드 카드/실험기 장비/중력 이동 궤도 조정.webp
표적 혼선 장치,/resources/업그레이드 카드/실험기 장비/표적 혼선 장치.webp
,
Superweapon,슈퍼 무기
Orbital Bombardment Particle Cannons,/resources/업그레이드 카드/슈퍼 무기/궤도 폭격용 입자포.webp
Superheavy Composite Beam Turbolasers,/resources/업그레이드 카드/슈퍼 무기/집광 초중 터보레이저.webp
Magnite Crystal Tractor Beam Array,/resources/업그레이드 카드/슈퍼 무기/매그나이트 수정 견인 광선 배열.webp
궤도 폭격용 입자포,/resources/업그레이드 카드/슈퍼 무기/궤도 폭격용 입자포.webp
집광 초중 터보레이저,/resources/업그레이드 카드/슈퍼 무기/집광 초중 터보레이저.webp
매그나이트 수정 견인 광선 배열,/resources/업그레이드 카드/슈퍼 무기/매그나이트 수정 견인 광선 배열.webp
,
Ordnance,어뢰
Assault Concussion Missiles,/resources/업그레이드 카드/어뢰/강습 타격 미사일.webp
Assault Proton Torpedoes,/resources/업그레이드 카드/어뢰/강습 양자 어뢰.webp
Expanded Launchers,/resources/업그레이드 카드/어뢰/확장 발사체.webp
External Racks,/resources/업그레이드 카드/어뢰/외연 발사대.webp
Flechette Torpedoes,/resources/업그레이드 카드/어뢰/플레셰트 어뢰.webp
Ordnance Pods,/resources/업그레이드 카드/어뢰/폭격 포드.webp
Rapid Reload,/resources/업그레이드 카드/어뢰/고속 재장전.webp
Wide-Area Barrage,/resources/업그레이드 카드/어뢰/광범위 일제 사격.webp
강습 타격 미사일,/resources/업그레이드 카드/어뢰/강습 타격 미사일.webp
강습 양자 어뢰,/resources/업그레이드 카드/어뢰/강습 양자 어뢰.webp
확장 발사체,/resources/업그레이드 카드/어뢰/확장 발사체.webp
외연 발사대,/resources/업그레이드 카드/어뢰/외연 발사대.webp
플레셰트 어뢰,/resources/업그레이드 카드/어뢰/플레셰트 어뢰.webp
폭격 포드,/resources/업그레이드 카드/어뢰/폭격 포드.webp
고속 재장전,/resources/업그레이드 카드/어뢰/고속 재장전.webp
광범위 일제 사격,/resources/업그레이드 카드/어뢰/광범위 일제 사격.webp
,
Ion-Cannons,이온포
Heavy Ion Emplacements,/resources/업그레이드 카드/이온포/중 이온 포좌.webp
High-Capacity Ion Turbines,/resources/업그레이드 카드/이온포/고용량 이온 발생관.webp
Ion Cannon Batteries,/resources/업그레이드 카드/이온포/이온포 포대.webp
Leading Shots,/resources/업그레이드 카드/이온포/선두 타격.webp
MS-1 Ion Cannons,/resources/업그레이드 카드/이온포/MS-1이온포.webp
NK-7 Ion Cannons,/resources/업그레이드 카드/이온포/NK-7 이온포.webp
Overload Pulse,/resources/업그레이드 카드/이온포/펄스 과부화.webp
Point Defense Ion Cannons,/resources/업그레이드 카드/이온포/국지 방어 이온포.webp
SW-7 Ion Batteries,/resources/업그레이드 카드/이온포/SW-7 이온 포대.webp
중 이온 포좌,/resources/업그레이드 카드/이온포/중 이온 포좌.webp
고용량 이온 발생관,/resources/업그레이드 카드/이온포/고용량 이온 발생관.webp
이온포 포대,/resources/업그레이드 카드/이온포/이온포 포대.webp
선두 타격,/resources/업그레이드 카드/이온포/선두 타격.webp
MS-1이온포,/resources/업그레이드 카드/이온포/MS-1이온포.webp
NK-7 이온포,/resources/업그레이드 카드/이온포/NK-7 이온포.webp
펄스 과부화,/resources/업그레이드 카드/이온포/펄스 과부화.webp
국지 방어 이온포,/resources/업그레이드 카드/이온포/국지 방어 이온포.webp
SW-7 이온 포대,/resources/업그레이드 카드/이온포/SW-7 이온 포대.webp
,
Turbolasers,터보레이저
DBY-827 Heavy Turbolasers,/resources/업그레이드 카드/터보레이저/DBY-827 중 터보레이저.webp
Dual Turbolaser Turrets,/resources/업그레이드 카드/터보레이저/쌍열 터보레이저 포탑.webp
Enhanced Armament,/resources/업그레이드 카드/터보레이저/강화 무장.webp
H9 Turbolasers,/resources/업그레이드 카드/터보레이저/H9 터보레이저.webp
Heavy Fire Zone,/resources/업그레이드 카드/터보레이저/집중 포화 구역.webp
Heavy Turbolaser Turrets,/resources/업그레이드 카드/터보레이저/중 터보레이저 포탑.webp
Linked Turbolaser Towers,/resources/업그레이드 카드/터보레이저/연동 터보레이저 타워.webp
Quad Battery Turrets,/resources/업그레이드 카드/터보레이저/4단 포탑 배열.webp
Quad Turbolaser Cannons,/resources/업그레이드 카드/터보레이저/4단 터보레이저 포.webp
Slaved Turrets,/resources/업그레이드 카드/터보레이저/고정 포탑.webp
Spinal Armament,/resources/업그레이드 카드/터보레이저/중앙선 무장.webp
Turbolaser Reroute Circuits,/resources/업그레이드 카드/터보레이저/터보레이저 재정렬 회로.webp
XI7 Turbolasers,/resources/업그레이드 카드/터보레이저/XI7 터보레이저.webp
XX-9 Turbolasers,/resources/업그레이드 카드/터보레이저/XX-9 터보레이저.webp
DBY-827 중 터보레이저,/resources/업그레이드 카드/터보레이저/DBY-827 중 터보레이저.webp
쌍열 터보레이저 포탑,/resources/업그레이드 카드/터보레이저/쌍열 터보레이저 포탑.webp
강화 무장,/resources/업그레이드 카드/터보레이저/강화 무장.webp
H9 터보레이저,/resources/업그레이드 카드/터보레이저/H9 터보레이저.webp
집중 포화 구역,/resources/업그레이드 카드/터보레이저/집중 포화 구역.webp
중 터보레이저 포탑,/resources/업그레이드 카드/터보레이저/중 터보레이저 포탑.webp
연동 터보레이저 타워,/resources/업그레이드 카드/터보레이저/연동 터보레이저 타워.webp
4단 포탑 배열,/resources/업그레이드 카드/터보레이저/4단 포탑 배열.webp
4단 터보레이저 포,/resources/업그레이드 카드/터보레이저/4단 터보레이저 포.webp
고정 포탑,/resources/업그레이드 카드/터보레이저/고정 포탑.webp
중앙선 무장,/resources/업그레이드 카드/터보레이저/중앙선 무장.webp
터보레이저 재정렬 회로,/resources/업그레이드 카드/터보레이저/터보레이저 재정렬 회로.webp
XI7 터보레이저,/resources/업그레이드 카드/터보레이저/XI7 터보레이저.webp
XX-9 터보레이저,/resources/업그레이드 카드/터보레이저/XX-9 터보레이저.webp
,
Swivel-Mount Batteries,/resources/업그레이드 카드/터보레이저/회전형 주포 배열.webp
회전형 주포 배열,/resources/업그레이드 카드/터보레이저/회전형 주포 배열.webp
,
Title,타이틀
Annihilator,/resources/업그레이드 카드/타이틀/타이틀 (제국)/어나힐레이터.webp
Avenger,/resources/업그레이드 카드/타이틀/타이틀 (제국)/어벤저.webp
Cataclysm,/resources/업그레이드 카드/타이틀/타이틀 (제국)/카타클리즘.webp
Centicore,/resources/업그레이드 카드/타이틀/타이틀 (제국)/센티코어.webp
Chimaera,/resources/업그레이드 카드/타이틀/타이틀 (제국)/키메라.webp
Corrupter,/resources/업그레이드 카드/타이틀/타이틀 (제국)/커럽터.webp
Corvus,/resources/업그레이드 카드/타이틀/타이틀 (제국)/콜버스.webp
Demolisher,/resources/업그레이드 카드/타이틀/타이틀 (제국)/데몰리셔.webp
Devastator,/resources/업그레이드 카드/타이틀/타이틀 (제국)/데바스테이터.webp
Dominator,/resources/업그레이드 카드/타이틀/타이틀 (제국)/도미네이터.webp
Eclipse,/resources/업그레이드 카드/타이틀/타이틀 (제국)/이클립스.webp
Executor,/resources/업그레이드 카드/타이틀/타이틀 (제국)/이제큐터.webp
Hand of Justice,/resources/업그레이드 카드/타이틀/타이틀 (제국)/정의의 손길.webp
Harrow,/resources/업그레이드 카드/타이틀/타이틀 (제국)/해로우.webp
Impetuous,/resources/업그레이드 카드/타이틀/타이틀 (제국)/임페추어스.webp
Insidious,/resources/업그레이드 카드/타이틀/타이틀 (제국)/인시디어스.webp
Instigator,/resources/업그레이드 카드/타이틀/타이틀 (제국)/인스티게이터.webp
Interdictor,/resources/업그레이드 카드/타이틀/타이틀 (제국)/인터딕터.webp
Pursuant,/resources/업그레이드 카드/타이틀/타이틀 (제국)/퍼수언트.webp
Rakehell,/resources/업그레이드 카드/타이틀/타이틀 (제국)/레이크헬.webp
Ravager,/resources/업그레이드 카드/타이틀/타이틀 (제국)/라바저.webp
Relentless,/resources/업그레이드 카드/타이틀/타이틀 (제국)/릴렌틀리스.webp
Seventh Fleet Star Destroyer,/resources/업그레이드 카드/타이틀/타이틀 (제국)/제7함대 은하 구축함.webp
Sovereign,/resources/업그레이드 카드/타이틀/타이틀 (제국)/소버린.webp
Squall,/resources/업그레이드 카드/타이틀/타이틀 (제국)/스퀄.webp
Stronghold,/resources/업그레이드 카드/타이틀/타이틀 (제국)/스트롱홀드.webp
Sunder,/resources/업그레이드 카드/타이틀/타이틀 (제국)/썬더.webp
Suppressor,/resources/업그레이드 카드/타이틀/타이틀 (제국)/서프레서.webp
Vector,/resources/업그레이드 카드/타이틀/타이틀 (제국)/벡터.webp
Warlord,/resources/업그레이드 카드/타이틀/타이틀 (제국)/워로드.webp
어나힐레이터,/resources/업그레이드 카드/타이틀/타이틀 (제국)/어나힐레이터.webp
어벤저,/resources/업그레이드 카드/타이틀/타이틀 (제국)/어벤저.webp
카타클리즘,/resources/업그레이드 카드/타이틀/타이틀 (제국)/카타클리즘.webp
센티코어,/resources/업그레이드 카드/타이틀/타이틀 (제국)/센티코어.webp
키메라,/resources/업그레이드 카드/타이틀/타이틀 (제국)/키메라.webp
커럽터,/resources/업그레이드 카드/타이틀/타이틀 (제국)/커럽터.webp
콜버스,/resources/업그레이드 카드/타이틀/타이틀 (제국)/콜버스.webp
데몰리셔,/resources/업그레이드 카드/타이틀/타이틀 (제국)/데몰리셔.webp
데바스테이터,/resources/업그레이드 카드/타이틀/타이틀 (제국)/데바스테이터.webp
도미네이터,/resources/업그레이드 카드/타이틀/타이틀 (제국)/도미네이터.webp
이클립스,/resources/업그레이드 카드/타이틀/타이틀 (제국)/이클립스.webp
이제큐터,/resources/업그레이드 카드/타이틀/타이틀 (제국)/이제큐터.webp
정의의 손길,/resources/업그레이드 카드/타이틀/타이틀 (제국)/정의의 손길.webp
해로우,/resources/업그레이드 카드/타이틀/타이틀 (제국)/해로우.webp
임페추어스,/resources/업그레이드 카드/타이틀/타이틀 (제국)/임페추어스.webp
인시디어스,/resources/업그레이드 카드/타이틀/타이틀 (제국)/인시디어스.webp
인스티게이터,/resources/업그레이드 카드/타이틀/타이틀 (제국)/인스티게이터.webp
인터딕터,/resources/업그레이드 카드/타이틀/타이틀 (제국)/인터딕터.webp
퍼수언트,/resources/업그레이드 카드/타이틀/타이틀 (제국)/퍼수언트.webp
레이크헬,/resources/업그레이드 카드/타이틀/타이틀 (제국)/레이크헬.webp
라바저,/resources/업그레이드 카드/타이틀/타이틀 (제국)/라바저.webp
릴렌틀리스,/resources/업그레이드 카드/타이틀/타이틀 (제국)/릴렌틀리스.webp
제7함대 은하 구축함,/resources/업그레이드 카드/타이틀/타이틀 (제국)/제7함대 은하 구축함.webp
소버린,/resources/업그레이드 카드/타이틀/타이틀 (제국)/소버린.webp
스퀄,/resources/업그레이드 카드/타이틀/타이틀 (제국)/스퀄.webp
스트롱홀드,/resources/업그레이드 카드/타이틀/타이틀 (제국)/스트롱홀드.webp
썬더,/resources/업그레이드 카드/타이틀/타이틀 (제국)/썬더.webp
서프레서,/resources/업그레이드 카드/타이틀/타이틀 (제국)/서프레서.webp
벡터,/resources/업그레이드 카드/타이틀/타이틀 (제국)/벡터.webp
워로드,/resources/업그레이드 카드/타이틀/타이틀 (제국)/워로드.webp
,
Admonition,/resources/업그레이드 카드/타이틀/타이틀 (반군)/애드머니션.webp
Amity,/resources/업그레이드 카드/타이틀/타이틀 (반군)/애미티.webp
Aspiration,/resources/업그레이드 카드/타이틀/타이틀 (반군)/애스퍼레이션.webp
Bright Hope,/resources/업그레이드 카드/타이틀/타이틀 (반군)/브라이트 호프.webp
Concord,/resources/업그레이드 카드/타이틀/타이틀 (반군)/콩코드.webp
Defiance,/resources/업그레이드 카드/타이틀/타이틀 (반군)/디파이언스.webp
Dodonna's Pride,/resources/업그레이드 카드/타이틀/타이틀 (반군)/도돈나의 긍지.webp
Endeavor,/resources/업그레이드 카드/타이틀/타이틀 (반군)/인데버.webp
Foresight,/resources/업그레이드 카드/타이틀/타이틀 (반군)/포어사이트.webp
Gallant Haven,/resources/업그레이드 카드/타이틀/타이틀 (반군)/갤런트 헤이븐.webp
Garel's Honor,/resources/업그레이드 카드/타이틀/타이틀 (반군)/가렐의 영광.webp
Home One,/resources/업그레이드 카드/타이틀/타이틀 (반군)/홈 원.webp
Independence,/resources/업그레이드 카드/타이틀/타이틀 (반군)/인디펜던스.webp
Jaina's Light,/resources/업그레이드 카드/타이틀/타이틀 (반군)/제이나의 여명.webp
Liberator,/resources/업그레이드 카드/타이틀/타이틀 (반군)/리버레이터.webp
Liberty,/resources/업그레이드 카드/타이틀/타이틀 (반군)/리버티.webp
Mon Calamari Exodus Fleet,/resources/업그레이드 카드/타이틀/타이틀 (반군)/몬 칼라마리 탈출 함대.webp
Mon Karren,/resources/업그레이드 카드/타이틀/타이틀 (반군)/몬 카렌.webp
Paragon,/resources/업그레이드 카드/타이틀/타이틀 (반군)/파라곤.webp
Phoenix Home,/resources/업그레이드 카드/타이틀/타이틀 (반군)/피닉스 홈.webp
Profundity,/resources/업그레이드 카드/타이틀/타이틀 (반군)/프로펀디티.webp
Quantum Storm,/resources/업그레이드 카드/타이틀/타이틀 (반군)/퀀텀 스톰.webp
Redemption,/resources/업그레이드 카드/타이틀/타이틀 (반군)/리뎀션.webp
Salvation,/resources/업그레이드 카드/타이틀/타이틀 (반군)/살베이션.webp
Tantive IV,/resources/업그레이드 카드/타이틀/타이틀 (반군)/탄티비 IV.webp
Task Force Antilles,/resources/업그레이드 카드/타이틀/타이틀 (반군)/태스크 포스 안틸레스.webp
Task Force Organa,/resources/업그레이드 카드/타이틀/타이틀 (반군)/태스크 포스 오르가나.webp
Unity,/resources/업그레이드 카드/타이틀/타이틀 (반군)/유니티.webp
Vanguard,/resources/업그레이드 카드/타이틀/타이틀 (반군)/뱅가드.webp
Yavaris,/resources/업그레이드 카드/타이틀/타이틀 (반군)/야바리스.webp
애드머니션,/resources/업그레이드 카드/타이틀/타이틀 (반군)/애드머니션.webp
애미티,/resources/업그레이드 카드/타이틀/타이틀 (반군)/애미티.webp
애스퍼레이션,/resources/업그레이드 카드/타이틀/타이틀 (반군)/애스퍼레이션.webp
브라이트 호프,/resources/업그레이드 카드/타이틀/타이틀 (반군)/브라이트 호프.webp
콩코드,/resources/업그레이드 카드/타이틀/타이틀 (반군)/콩코드.webp
디파이언스,/resources/업그레이드 카드/타이틀/타이틀 (반군)/디파이언스.webp
도돈나의 긍지,/resources/업그레이드 카드/타이틀/타이틀 (반군)/도돈나의 긍지.webp
인데버,/resources/업그레이드 카드/타이틀/타이틀 (반군)/인데버.webp
포어사이트,/resources/업그레이드 카드/타이틀/타이틀 (반군)/포어사이트.webp
갤런트 헤이븐,/resources/업그레이드 카드/타이틀/타이틀 (반군)/갤런트 헤이븐.webp
가렐의 영광,/resources/업그레이드 카드/타이틀/타이틀 (반군)/가렐의 영광.webp
홈 원,/resources/업그레이드 카드/타이틀/타이틀 (반군)/홈 원.webp
인디펜던스,/resources/업그레이드 카드/타이틀/타이틀 (반군)/인디펜던스.webp
제이나의 여명,/resources/업그레이드 카드/타이틀/타이틀 (반군)/제이나의 여명.webp
리버레이터,/resources/업그레이드 카드/타이틀/타이틀 (반군)/리버레이터.webp
리버티,/resources/업그레이드 카드/타이틀/타이틀 (반군)/리버티.webp
몬 칼라마리 탈출 함대,/resources/업그레이드 카드/타이틀/타이틀 (반군)/몬 칼라마리 탈출 함대.webp
몬 카렌,/resources/업그레이드 카드/타이틀/타이틀 (반군)/몬 카렌.webp
파라곤,/resources/업그레이드 카드/타이틀/타이틀 (반군)/파라곤.webp
피닉스 홈,/resources/업그레이드 카드/타이틀/타이틀 (반군)/피닉스 홈.webp
프로펀디티,/resources/업그레이드 카드/타이틀/타이틀 (반군)/프로펀디티.webp
퀀텀 스톰,/resources/업그레이드 카드/타이틀/타이틀 (반군)/퀀텀 스톰.webp
리뎀션,/resources/업그레이드 카드/타이틀/타이틀 (반군)/리뎀션.webp
살베이션,/resources/업그레이드 카드/타이틀/타이틀 (반군)/살베이션.webp
탄티비 IV,/resources/업그레이드 카드/타이틀/타이틀 (반군)/탄티비 IV.webp
태스크 포스 안틸레스,/resources/업그레이드 카드/타이틀/타이틀 (반군)/태스크 포스 안틸레스.webp
태스크 포스 오르가나,/resources/업그레이드 카드/타이틀/타이틀 (반군)/태스크 포스 오르가나.webp
유니티,/resources/업그레이드 카드/타이틀/타이틀 (반군)/유니티.webp
뱅가드,/resources/업그레이드 카드/타이틀/타이틀 (반군)/뱅가드.webp
야바리스,/resources/업그레이드 카드/타이틀/타이틀 (반군)/야바리스.webp
,
FB-88,/resources/업그레이드 카드/타이틀/타이틀 (공화국)/FB-88.webp
Implacable,/resources/업그레이드 카드/타이틀/타이틀 (공화국)/임플래커블.webp
Nevoota Bee,/resources/업그레이드 카드/타이틀/타이틀 (공화국)/네부타 비.webp
Radiant VII,/resources/업그레이드 카드/타이틀/타이틀 (공화국)/레이디언트 VII.webp
Resolute,/resources/업그레이드 카드/타이틀/타이틀 (공화국)/레졸루트.webp
Swift Return,/resources/업그레이드 카드/타이틀/타이틀 (공화국)/스위프트 리턴.webp
TB-73,/resources/업그레이드 카드/타이틀/타이틀 (공화국)/TB-73.webp
Tranquility,/resources/업그레이드 카드/타이틀/타이틀 (공화국)/트랜퀄리티.webp
Triumphant,/resources/업그레이드 카드/타이틀/타이틀 (공화국)/트라이엄펀트.webp
FB-88,/resources/업그레이드 카드/타이틀/타이틀 (공화국)/FB-88.webp
임플래커블,/resources/업그레이드 카드/타이틀/타이틀 (공화국)/임플래커블.webp
네부타 비,/resources/업그레이드 카드/타이틀/타이틀 (공화국)/네부타 비.webp
레이디언트 VII,/resources/업그레이드 카드/타이틀/타이틀 (공화국)/레이디언트 VII.webp
레졸루트,/resources/업그레이드 카드/타이틀/타이틀 (공화국)/레졸루트.webp
스위프트 리턴,/resources/업그레이드 카드/타이틀/타이틀 (공화국)/스위프트 리턴.webp
TB-73,/resources/업그레이드 카드/타이틀/타이틀 (공화국)/TB-73.webp
트랜퀄리티,/resources/업그레이드 카드/타이틀/타이틀 (공화국)/트랜퀄리티.webp
트라이엄펀트,/resources/업그레이드 카드/타이틀/타이틀 (공화국)/트라이엄펀트.webp
,
Beast of Burden,/resources/업그레이드 카드/타이틀/타이틀 (분리주의)/비스트 오브 버든.webp
Foreman's Labor,/resources/업그레이드 카드/타이틀/타이틀 (분리주의)/포먼의 분투.webp
Gilded Aegis,/resources/업그레이드 카드/타이틀/타이틀 (분리주의)/길디드 이지스.webp
Invincible,/resources/업그레이드 카드/타이틀/타이틀 (분리주의)/인빈서블.webp
Invisible Hand,/resources/업그레이드 카드/타이틀/타이틀 (분리주의)/인비저블 핸드.webp
Lucid Voice,/resources/업그레이드 카드/타이틀/타이틀 (분리주의)/루시드 보이스.webp
Nova Defiant,/resources/업그레이드 카드/타이틀/타이틀 (분리주의)/노바 디파이언트.webp
Patriot Fist,/resources/업그레이드 카드/타이틀/타이틀 (분리주의)/패이트리어트 피스트.webp
Sa Nalaor,/resources/업그레이드 카드/타이틀/타이틀 (분리주의)/사 날라오.webp
Tide of Progress XII,/resources/업그레이드 카드/타이틀/타이틀 (분리주의)/진보의 물결 XII.webp
비스트 오브 버든,/resources/업그레이드 카드/타이틀/타이틀 (분리주의)/비스트 오브 버든.webp
포먼의 분투,/resources/업그레이드 카드/타이틀/타이틀 (분리주의)/포먼의 분투.webp
길디드 이지스,/resources/업그레이드 카드/타이틀/타이틀 (분리주의)/길디드 이지스.webp
인빈서블,/resources/업그레이드 카드/타이틀/타이틀 (분리주의)/인빈서블.webp
인비저블 핸드,/resources/업그레이드 카드/타이틀/타이틀 (분리주의)/인비저블 핸드.webp
루시드 보이스,/resources/업그레이드 카드/타이틀/타이틀 (분리주의)/루시드 보이스.webp
노바 디파이언트,/resources/업그레이드 카드/타이틀/타이틀 (분리주의)/노바 디파이언트.webp
패이트리어트 피스트,/resources/업그레이드 카드/타이틀/타이틀 (분리주의)/패이트리어트 피스트.webp
사 날라오,/resources/업그레이드 카드/타이틀/타이틀 (분리주의)/사 날라오.webp
진보의 물결 XII,/resources/업그레이드 카드/타이틀/타이틀 (분리주의)/진보의 물결 XII.webp
,
Legacy,레거시
Ki-Adi-Mundi [Legacy] (commander),/resources/Legacy/Legacy Wave 0/키아디 문디.webp
Daultay Dofine [Legacy] (commander),/resources/Legacy/Legacy Wave 0/돌테이 도파인.webp
키아디 문디 [Legacy] (commander),/resources/Legacy/Legacy Wave 0/키아디 문디.webp
돌테이 도파인 [Legacy] (commander),/resources/Legacy/Legacy Wave 0/돌테이 도파인.webp
